model,roc_auc,pr_auc
Logistic Regression,0.9862540285248861,0.761698872651144
Random Forest,0.9636696785383634,0.8196021658655811
